                  epoch,         train/box_loss,         train/cls_loss,         train/dfl_loss,   metrics/precision(B),      metrics/recall(B),       metrics/mAP50(B),    metrics/mAP50-95(B),           val/box_loss,           val/cls_loss,           val/dfl_loss,                 lr/pg0,                 lr/pg1,                 lr/pg2
                      1,                 3.8363,                 5.3589,                 4.1896,                0.00048,                0.11905,                0.00039,                  6e-05,                 3.9486,                 5.8986,                  4.159,              4.287e-05,              4.287e-05,              4.287e-05
                      2,                 2.6477,                  5.758,                 3.1354,                0.00065,                0.17316,                0.00079,                0.00012,                 3.9492,                 5.9037,                 4.1588,             9.9535e-05,             9.9535e-05,             9.9535e-05
                      3,                  3.639,                 5.2213,                 4.1633,                0.00052,                0.11905,                0.00057,                  9e-05,                 3.9497,                 5.9124,                  4.158,             0.00015563,             0.00015563,             0.00015563
                      4,                 3.3623,                 5.0344,                 4.1531,                0.00081,                0.22727,                0.00096,                0.00014,                 3.9504,                 5.9238,                 4.1563,             0.00021117,             0.00021117,             0.00021117
                      5,                 3.1134,                 4.9286,                 4.1105,                0.00081,                0.22727,                0.00087,                0.00012,                 3.9514,                 5.9338,                 4.1547,             0.00026613,             0.00026613,             0.00026613
                      6,                 3.3508,                 5.1249,                 4.1139,                 0.0008,                0.22727,                0.00094,                0.00014,                 3.9536,                 5.9481,                 4.1523,             0.00032054,             0.00032054,             0.00032054
                      7,                 3.7639,                 4.8828,                 4.1054,                0.00063,                0.17316,                0.00063,                0.00011,                 3.9556,                 5.9636,                 4.1491,             0.00037437,             0.00037437,             0.00037437
                      8,                 3.1712,                 4.7057,                 4.0836,                0.00051,                0.28571,                0.00119,                0.00027,                 3.9577,                 5.9775,                 4.1451,             0.00042764,             0.00042764,             0.00042764
                      9,                  3.218,                 5.3428,                 4.2205,                0.00048,                 0.2619,                 0.0128,                0.00216,                 3.9589,                  5.989,                   4.14,             0.00048034,             0.00048034,             0.00048034
                     10,                 2.9173,                 4.9486,                 3.9542,                0.00053,                0.28571,                0.00628,                0.00148,                 3.9584,                 5.9777,                 4.1337,             0.00053248,             0.00053248,             0.00053248
                     11,                 3.5073,                 4.6229,                 4.0358,                0.00054,                0.28571,                  0.001,                0.00025,                 3.9573,                 5.9499,                 4.1261,             0.00058405,             0.00058405,             0.00058405
                     12,                  3.065,                 4.5242,                  3.981,                0.00054,                0.28571,                0.00123,                0.00028,                 3.9559,                 5.9345,                  4.118,             0.00063506,             0.00063506,             0.00063506
                     13,                 2.4494,                 5.7627,                 2.9858,                0.00053,                0.28571,                0.00135,                 0.0003,                 3.9571,                 5.9773,                 4.1093,              0.0006855,              0.0006855,              0.0006855
                     14,                 3.2561,                 4.4387,                 3.9014,                0.00052,                0.28571,                0.00315,                0.00057,                 3.9566,                  5.986,                 4.1047,             0.00073537,             0.00073537,             0.00073537
                     15,                 2.9594,                 4.3566,                  3.892,                0.00055,                0.28571,                0.07018,                0.01113,                 3.9617,                 5.9755,                  4.088,             0.00078468,             0.00078468,             0.00078468
                     16,                 3.3595,                 4.4196,                 3.8199,                0.00056,                0.28571,                0.05703,                0.00958,                 3.9583,                 6.0327,                 4.0779,             0.00083342,             0.00083342,             0.00083342
                     17,                 2.4116,                  5.353,                 2.8545,                0.00056,                0.28571,                0.05207,                0.00771,                 3.9574,                 6.0366,                 4.0645,              0.0008816,              0.0008816,              0.0008816
                     18,                  3.072,                 4.2494,                 3.7123,                0.00058,                0.28571,                0.04185,                0.00706,                 3.9687,                 6.1495,                 4.0366,             0.00092921,             0.00092921,             0.00092921
                     19,                 3.5398,                 4.4235,                  3.789,                0.00056,                0.28571,                0.03849,                0.00651,                 3.9733,                 6.2351,                 4.0375,             0.00097626,             0.00097626,             0.00097626
                     20,                 3.5651,                 4.8183,                 3.7281,                0.00038,                0.28571,                0.03808,                0.00683,                 3.9824,                 6.2933,                 4.0289,              0.0010227,              0.0010227,              0.0010227
                     21,                 3.2544,                 4.5645,                 3.5549,                0.00037,                 0.2619,                0.03348,                0.00746,                 4.0399,                 13.816,                 4.0574,              0.0010686,              0.0010686,              0.0010686
                     22,                 2.9528,                 4.2568,                 3.5435,                0.33374,                0.19048,                0.01445,                0.00251,                 4.0355,                 19.302,                 4.1356,               0.001114,               0.001114,               0.001114
                     23,                 2.3348,                 4.9366,                 2.6885,                0.33458,                0.19048,                0.01909,                0.00447,                  4.075,                 30.955,                 4.1622,              0.0011588,              0.0011588,              0.0011588
                     24,                 3.0018,                 4.3876,                 3.5048,                 0.0009,                0.19048,                0.01499,                0.00365,                 4.0568,                 24.027,                 4.1447,               0.001203,               0.001203,               0.001203
                     25,                 3.2217,                 4.5318,                 3.7079,                0.00081,                0.19048,                0.03611,                0.00775,                 4.0781,                 25.492,                    4.1,              0.0012466,              0.0012466,              0.0012466
                     26,                 2.7216,                 4.2775,                 3.2993,                0.00098,                0.19048,                0.03461,                0.00814,                  4.062,                 46.214,                 4.0951,              0.0012522,              0.0012522,              0.0012522
                     27,                 3.5239,                 4.5968,                 3.5565,                0.00113,                0.19048,                0.01833,                0.00452,                 4.0421,                 68.569,                 4.1404,              0.0012522,              0.0012522,              0.0012522
                     28,                  3.077,                 4.2874,                 3.3249,                0.00174,                0.19048,                0.01082,                  0.003,                 4.0036,                 71.259,                 4.1621,              0.0012451,              0.0012451,              0.0012451
                     29,                 3.3455,                 4.2765,                 3.2796,                0.33614,                0.16667,                0.01114,                0.00292,                 4.0999,                 65.532,                 4.2483,               0.001238,               0.001238,               0.001238
                     30,                 3.0531,                 4.2236,                 3.4306,                 0.6678,                0.19048,                 0.0133,                0.00311,                 4.1115,                 84.505,                 4.3473,              0.0012309,              0.0012309,              0.0012309
                     31,                 3.0479,                 4.4913,                 3.3364,                0.66739,                0.19048,                0.01369,                0.00329,                 4.1363,                 122.48,                 4.5058,              0.0012239,              0.0012239,              0.0012239
                     32,                 3.2939,                 4.3482,                 3.2949,                0.66745,                0.19048,                0.02298,                0.00514,                 4.0804,                 106.24,                 4.3626,              0.0012168,              0.0012168,              0.0012168
                     33,                 2.2955,                 4.8451,                 2.4732,                 0.6674,                0.19048,                0.02185,                0.00478,                 3.9748,                 116.09,                 4.2385,              0.0012097,              0.0012097,              0.0012097
                     34,                 2.6838,                 4.4344,                 3.2419,                0.66759,                0.19048,                0.02302,                0.00499,                 3.8438,                 82.747,                 4.2037,              0.0012026,              0.0012026,              0.0012026
                     35,                 3.0631,                 4.0107,                 3.2627,                0.68866,                0.14286,                 0.0387,                0.00818,                 3.6263,                 23.801,                 3.9613,              0.0011956,              0.0011956,              0.0011956
                     36,                 2.9569,                 4.2239,                 3.1003,                0.68516,                0.07143,                0.03697,                0.00823,                 3.2729,                 9.7966,                 3.6112,              0.0011885,              0.0011885,              0.0011885
                     37,                 2.5574,                 4.8944,                 2.6838,                0.70204,                0.04762,                0.03826,                0.00957,                 3.0478,                  7.891,                 3.3824,              0.0011814,              0.0011814,              0.0011814
                     38,                 2.2898,                 4.5339,                  2.438,                0.69285,                0.09524,                0.04136,                 0.0099,                 2.9741,                 7.6593,                 3.2441,              0.0011744,              0.0011744,              0.0011744
                     39,                 3.1737,                 3.9164,                 3.2801,                0.69341,                0.04762,                0.04428,                0.01128,                 2.9229,                 9.0075,                 3.0949,              0.0011673,              0.0011673,              0.0011673
                     40,                  3.191,                 3.9972,                 3.2592,                0.68073,                0.14286,                0.01372,                0.00405,                 2.7724,                 6.9277,                 3.0123,              0.0011602,              0.0011602,              0.0011602
                     41,                 2.8511,                  3.917,                 3.0879,                0.68954,                0.02381,                0.01204,                0.00275,                 2.8116,                 5.4058,                 3.0812,              0.0011531,              0.0011531,              0.0011531
                     42,                 2.7346,                 3.8177,                 3.1567,                0.67822,                0.02381,                0.00747,                0.00216,                  2.794,                  5.945,                 3.1446,              0.0011461,              0.0011461,              0.0011461
                     43,                 3.1406,                  4.191,                 3.3169,                0.67253,                0.11905,                0.01017,                0.00275,                 2.7361,                 10.415,                 3.1114,               0.001139,               0.001139,               0.001139
                     44,                 2.8874,                 4.0714,                 3.1256,                0.67161,                0.19048,                0.03368,                 0.0105,                 2.7817,                 21.162,                 3.1811,              0.0011319,              0.0011319,              0.0011319
                     45,                 2.6652,                 3.8769,                 3.3772,                0.67376,                0.19048,                0.03927,                0.00908,                 2.8306,                 18.251,                 3.1894,              0.0011248,              0.0011248,              0.0011248
                     46,                 2.0503,                 4.4433,                  2.276,                0.69016,                0.14286,                0.04006,                0.01107,                 2.7502,                 10.223,                 3.0707,              0.0011178,              0.0011178,              0.0011178
                     47,                   3.12,                 3.9416,                 3.1737,                0.70644,                0.14286,                0.04639,                0.01401,                 2.6989,                 7.9404,                 3.0257,              0.0011107,              0.0011107,              0.0011107
                     48,                 2.8913,                  3.602,                 3.0951,                0.70926,                0.09524,                0.09753,                0.04335,                 2.6843,                 7.1923,                 2.9676,              0.0011036,              0.0011036,              0.0011036
                     49,                  2.867,                 3.8518,                 2.9977,                0.72544,                0.09524,                0.09861,                0.04416,                 2.6842,                 7.6625,                 3.0093,              0.0010965,              0.0010965,              0.0010965
                     50,                 3.0089,                 3.9216,                 3.1078,                0.06143,                0.07143,                 0.0683,                 0.0352,                 2.6816,                 7.9303,                 3.0763,              0.0010895,              0.0010895,              0.0010895
                     51,                 2.2799,                 4.2472,                 2.4188,                 0.0751,                0.07143,                0.04169,                0.01921,                 2.7446,                  9.901,                 3.1526,              0.0010824,              0.0010824,              0.0010824
                     52,                 2.6877,                 4.0117,                 3.1604,                0.06808,                0.13571,                 0.0473,                0.01798,                 2.8288,                 8.0939,                 3.1901,              0.0010753,              0.0010753,              0.0010753
                     53,                 2.7855,                 3.7192,                 3.0484,                0.36718,                0.07143,                0.05057,                0.01985,                 2.7682,                 6.9879,                 3.2348,              0.0010682,              0.0010682,              0.0010682
                     54,                 3.0773,                 4.0507,                 3.3557,                0.39791,                0.10476,                0.06918,                0.02673,                  2.763,                 5.8298,                 3.2218,              0.0010612,              0.0010612,              0.0010612
                     55,                 3.0264,                 3.8784,                 3.1151,                0.40036,                0.12143,                0.07088,                 0.0233,                 2.7647,                 5.0765,                 3.1162,              0.0010541,              0.0010541,              0.0010541
                     56,                 2.8167,                  3.906,                 2.9365,                0.40359,                0.22143,                0.08768,                0.03116,                 2.6071,                 5.1016,                 2.9769,               0.001047,               0.001047,               0.001047
                     57,                 3.1402,                 3.6884,                 3.2138,                0.43211,                0.25568,                0.09591,                0.03646,                 2.4982,                 4.5541,                 2.8913,                0.00104,                0.00104,                0.00104
                     58,                  2.978,                 3.5708,                 3.0782,                0.44477,                 0.1285,                0.09098,                 0.0351,                 2.5041,                 4.3047,                 2.8616,              0.0010329,              0.0010329,              0.0010329
                     59,                 2.9454,                 3.6643,                 3.1238,                0.50324,                 0.1119,                0.09579,                0.03303,                 2.4684,                 4.4576,                 2.8792,              0.0010258,              0.0010258,              0.0010258
                     60,                 2.6354,                 3.5362,                 2.8127,                0.75938,                0.07143,                0.06642,                0.01794,                 2.4771,                 4.7702,                 3.0131,              0.0010187,              0.0010187,              0.0010187
                     61,                 2.5743,                 3.4621,                 2.7414,                0.73093,                0.04762,                0.04943,                0.01442,                 2.5323,                  4.746,                 3.0328,              0.0010117,              0.0010117,              0.0010117
                     62,                 2.4396,                  3.941,                 2.8479,                0.38073,                0.09524,                0.04477,                 0.0141,                 2.6109,                  4.389,                 3.0288,              0.0010046,              0.0010046,              0.0010046
                     63,                 2.7535,                 3.7405,                 3.1834,                0.36943,                0.24048,                0.04524,                0.01456,                 2.6645,                 4.6699,                  3.005,             0.00099751,             0.00099751,             0.00099751
                     64,                 2.8771,                  3.528,                 3.0286,                0.36594,                0.12857,                0.05792,                0.01297,                 2.6968,                  4.379,                 3.0316,             0.00099044,             0.00099044,             0.00099044
                     65,                 2.7977,                 3.6118,                 2.7953,                  0.003,                0.81494,                0.03406,                0.00749,                 2.7502,                 4.3007,                 3.0518,             0.00098337,             0.00098337,             0.00098337
                     66,                 2.7051,                 3.3124,                 3.0361,                 0.3393,                0.04762,                0.05044,                0.01465,                 2.7872,                  4.314,                 3.0812,             0.00097629,             0.00097629,             0.00097629
                     67,                  2.774,                 3.7523,                 3.0673,                0.81126,                0.04762,                0.08305,                0.02181,                 2.7488,                 4.3597,                 3.1175,             0.00096922,             0.00096922,             0.00096922
                     68,                 2.5045,                 3.8173,                 2.8936,                0.74988,                0.07143,                0.07705,                0.02363,                 2.6113,                 4.5528,                 3.0872,             0.00096215,             0.00096215,             0.00096215
                     69,                 2.4926,                 3.6394,                 2.9102,                0.72205,                0.07143,                0.07216,                0.02046,                 2.5958,                 4.3691,                 2.9981,             0.00095507,             0.00095507,             0.00095507
                     70,                 2.9905,                 3.5842,                 3.1484,                0.37617,                0.23333,                0.07226,                0.02089,                 2.5231,                 4.3046,                 2.8948,               0.000948,               0.000948,               0.000948
                     71,                 1.9371,                  3.847,                  2.251,                0.38269,                0.23333,                0.06499,                0.01938,                 2.4215,                 4.2118,                  2.872,             0.00094093,             0.00094093,             0.00094093
                     72,                 2.6948,                 3.3951,                 2.9529,                0.41624,                0.14417,                0.05851,                0.01875,                 2.4517,                 3.8837,                 2.8808,             0.00093385,             0.00093385,             0.00093385
                     73,                 2.5984,                  3.332,                 2.8683,                0.37653,                0.09524,                0.05269,                0.01733,                 2.6589,                 4.0647,                 2.9803,             0.00092678,             0.00092678,             0.00092678
                     74,                 2.6195,                 4.2241,                 3.1139,                0.38224,                0.06174,                 0.0494,                0.01361,                 2.8084,                 4.4119,                 3.1537,              0.0009197,              0.0009197,              0.0009197
                     75,                 2.7512,                 3.3835,                 3.0744,                0.41102,                0.14286,                0.05164,                0.01434,                 2.8704,                  4.562,                 3.2136,             0.00091263,             0.00091263,             0.00091263
                     76,                 2.7992,                 3.5223,                 2.9303,                0.75746,                0.14286,                0.05526,                0.01769,                 2.7625,                 4.2451,                 3.0587,             0.00090556,             0.00090556,             0.00090556
                     77,                 2.6208,                 3.1621,                 2.6608,                0.76606,                0.11161,                0.09058,                0.02943,                 2.5198,                 4.1398,                 2.8218,             0.00089848,             0.00089848,             0.00089848
                     78,                 1.8663,                 3.5684,                 2.0791,                0.49416,                0.25238,                0.13558,                0.04474,                 2.3513,                  3.832,                 2.7179,             0.00089141,             0.00089141,             0.00089141
                     79,                 3.0132,                 3.2835,                 3.0138,                0.46479,                0.40238,                0.14708,                0.04498,                 2.3765,                 4.4843,                 2.6699,             0.00088434,             0.00088434,             0.00088434
                     80,                 2.5865,                 3.4484,                 2.9954,                0.43277,                 0.3119,                0.15035,                0.04426,                 2.4319,                 4.7375,                  2.687,             0.00087726,             0.00087726,             0.00087726
                     81,                 2.6838,                 3.4585,                 2.9229,                0.44874,                0.25931,                0.11919,                0.03892,                 2.4656,                 4.9627,                 2.7144,             0.00087019,             0.00087019,             0.00087019
                     82,                 2.7174,                 3.3175,                 3.1245,                0.47966,                0.26905,                0.12083,                0.04039,                 2.4163,                 4.6962,                 2.6915,             0.00086312,             0.00086312,             0.00086312
                     83,                 2.4575,                 3.2886,                 2.8261,                0.52417,                0.12857,                0.15557,                0.05554,                  2.413,                 4.6047,                  2.661,             0.00085604,             0.00085604,             0.00085604
                     84,                 2.6762,                 3.5041,                  3.033,                0.52047,                0.24524,                0.15477,                0.06424,                 2.4907,                 4.6145,                 2.6963,             0.00084897,             0.00084897,             0.00084897
                     85,                 2.6234,                 3.1672,                 2.8772,                0.73019,                0.06667,                0.17626,                0.07504,                  2.478,                 4.4717,                 2.7057,              0.0008419,              0.0008419,              0.0008419
                     86,                 2.7455,                 3.2226,                 2.9266,                0.72541,                0.10708,                 0.1585,                0.06623,                 2.4217,                 4.1269,                 2.6891,             0.00083482,             0.00083482,             0.00083482
                     87,                 2.6742,                 3.4796,                 3.0374,                0.77325,                0.06667,                0.11223,                0.04428,                 2.3979,                 3.7071,                 2.6885,             0.00082775,             0.00082775,             0.00082775
                     88,                 2.6734,                 3.2249,                  2.807,                0.71916,                0.11667,                0.11854,                0.04643,                 2.3199,                 3.3985,                 2.6435,             0.00082067,             0.00082067,             0.00082067
                     89,                 2.4709,                 3.4152,                 2.8925,                0.54435,                0.29524,                0.15186,                0.05074,                  2.239,                 3.2888,                 2.6159,              0.0008136,              0.0008136,              0.0008136
                     90,                 2.7187,                 3.3141,                 2.8016,                0.57585,                  0.292,                0.16884,                0.05301,                 2.2373,                 3.2955,                 2.6291,             0.00080653,             0.00080653,             0.00080653
                     91,                 2.5792,                 3.1974,                 2.9154,                0.56206,                0.29524,                0.17936,                0.05912,                 2.2941,                 3.1654,                   2.63,             0.00079945,             0.00079945,             0.00079945
                     92,                 2.4008,                 3.2316,                 2.7625,                0.61377,                0.23095,                0.19515,                0.06487,                 2.3532,                 3.0674,                 2.6429,             0.00079238,             0.00079238,             0.00079238
                     93,                 2.3954,                 3.2127,                 2.5776,                0.56148,                0.22857,                0.19006,                0.06548,                  2.487,                 3.2057,                 2.7115,             0.00078531,             0.00078531,             0.00078531
                     94,                 2.4095,                 3.0024,                 2.6965,                0.57383,                0.21005,                0.18624,                0.06471,                  2.514,                 3.3157,                 2.7696,             0.00077823,             0.00077823,             0.00077823
                     95,                 2.4636,                 3.3496,                 2.6666,                0.55317,                 0.2381,                0.19421,                0.06649,                 2.4051,                 3.2861,                 2.7162,             0.00077116,             0.00077116,             0.00077116
                     96,                 2.8236,                 3.0515,                 2.8362,                0.56438,                0.32857,                0.24332,                0.08233,                 2.3126,                 3.2155,                 2.6632,             0.00076409,             0.00076409,             0.00076409
                     97,                 2.5402,                 3.1504,                 3.2015,                0.59563,                 0.3119,                0.24867,                0.06683,                 2.3258,                 3.1891,                 2.6753,             0.00075701,             0.00075701,             0.00075701
                     98,                 1.8658,                 3.6012,                 2.1973,                0.57857,                0.25952,                0.22612,                0.06199,                 2.4326,                 3.2314,                 2.7476,             0.00074994,             0.00074994,             0.00074994
                     99,                 2.7338,                 3.4607,                 2.9898,                0.58986,                0.18488,                0.20501,                0.06596,                 2.6303,                 3.3714,                 2.8888,             0.00074287,             0.00074287,             0.00074287
                    100,                  2.436,                 3.1874,                 2.7661,                0.62319,                0.20952,                0.20897,                0.06916,                 2.6743,                 3.3494,                 2.9057,             0.00073579,             0.00073579,             0.00073579
                    101,                 2.5036,                 3.1395,                 2.8198,                0.54375,                0.16975,                0.20084,                0.06934,                 2.5781,                 3.1679,                 2.8341,             0.00072872,             0.00072872,             0.00072872
                    102,                 2.4147,                  3.317,                 2.7744,                 0.5411,                0.25476,                0.25633,                 0.0792,                 2.3724,                 3.1302,                 2.6827,             0.00072164,             0.00072164,             0.00072164
                    103,                 2.5516,                 2.9921,                 2.8091,                0.50395,                0.31429,                0.26472,                0.09547,                 2.1974,                 3.3544,                 2.5528,             0.00071457,             0.00071457,             0.00071457
                    104,                 2.3335,                 3.2228,                 2.9423,                0.84594,                0.16667,                 0.2839,                0.09266,                 2.1686,                 3.6316,                 2.5714,              0.0007075,              0.0007075,              0.0007075
                    105,                  2.648,                  3.142,                 2.8758,                0.85176,                0.16667,                0.25469,                0.08321,                 2.2082,                   3.73,                 2.5881,             0.00070042,             0.00070042,             0.00070042
                    106,                 1.8836,                 3.3182,                 1.9909,                0.83628,                   0.15,                0.19492,                0.06399,                 2.2373,                 3.6144,                 2.6063,             0.00069335,             0.00069335,             0.00069335
                    107,                 2.4447,                 3.0237,                 2.8364,                0.81578,                0.16667,                0.20823,                0.08432,                 2.1971,                 3.3589,                 2.5982,             0.00068628,             0.00068628,             0.00068628
                    108,                 1.7775,                 3.0534,                 2.0217,                0.82518,                0.16667,                0.25196,                0.08724,                 2.2197,                 3.1072,                 2.6032,              0.0006792,              0.0006792,              0.0006792
                    109,                 2.7107,                 3.0842,                 2.7413,                0.54942,                0.36905,                0.23291,                0.09332,                 2.2745,                  3.045,                 2.6426,             0.00067213,             0.00067213,             0.00067213
                    110,                 2.4124,                  3.053,                 2.6286,                0.46792,                0.34049,                0.22687,                0.09561,                 2.2637,                 3.0155,                 2.6187,             0.00066506,             0.00066506,             0.00066506
                    111,                 2.3996,                 2.9903,                 2.7421,                0.46627,                0.44286,                0.24355,                0.11129,                 2.2912,                 3.1385,                 2.6418,             0.00065798,             0.00065798,             0.00065798
                    112,                  2.136,                 3.4318,                 2.7101,                0.47196,                0.42619,                0.26126,                0.11062,                 2.4023,                 3.5112,                 2.7078,             0.00065091,             0.00065091,             0.00065091
                    113,                 2.2867,                 2.9324,                 2.6777,                0.49901,                0.40238,                0.27729,                0.11252,                 2.4482,                 3.7505,                 2.7426,             0.00064384,             0.00064384,             0.00064384
                    114,                 2.4739,                 3.0594,                 2.8577,                0.52175,                0.37857,                0.28111,                0.10868,                  2.334,                 3.6521,                 2.6603,             0.00063676,             0.00063676,             0.00063676
                    115,                 1.7918,                 3.2288,                 2.0081,                0.82735,                0.23269,                 0.2698,                0.11287,                 2.1204,                 3.5005,                 2.5446,             0.00062969,             0.00062969,             0.00062969
                    116,                 2.4729,                 2.7541,                 2.5343,                0.82632,                0.23333,                0.27547,                0.11289,                 2.0377,                 3.2814,                 2.5089,             0.00062262,             0.00062262,             0.00062262
                    117,                 2.5912,                 3.0096,                 2.7267,                0.83172,                0.23333,                0.27863,                0.11293,                 2.0879,                 3.0617,                 2.5408,             0.00061554,             0.00061554,             0.00061554
                    118,                 2.1211,                 3.1214,                  2.574,                0.57488,                0.34485,                0.25826,                0.09944,                 2.1321,                 2.9173,                 2.5685,             0.00060847,             0.00060847,             0.00060847
                    119,                 2.4368,                 2.7202,                 2.6516,                0.57056,                 0.2881,                0.24489,                0.09108,                 2.1003,                 2.9039,                 2.5742,             0.00060139,             0.00060139,             0.00060139
                    120,                 2.5099,                 2.9261,                 2.7278,                0.52772,                0.25726,                0.19487,                0.07385,                 2.0923,                 2.9059,                 2.5972,             0.00059432,             0.00059432,             0.00059432
                    121,                  2.066,                 3.4986,                 2.8332,                0.54682,                0.23579,                0.19482,                0.07285,                 2.1332,                 2.8567,                 2.6165,             0.00058725,             0.00058725,             0.00058725
                    122,                 2.4024,                 2.7458,                 2.7443,                0.51709,                0.25714,                0.26956,                 0.1045,                 2.0975,                 2.7375,                 2.5982,             0.00058017,             0.00058017,             0.00058017
                    123,                 2.2461,                 3.1612,                 2.8139,                 0.6296,                0.33571,                0.29227,                0.11236,                  2.094,                 2.7347,                 2.5749,              0.0005731,              0.0005731,              0.0005731
                    124,                 2.4205,                 2.6033,                 2.6118,                0.59404,                0.23571,                0.26867,                 0.0986,                 2.1629,                 2.8296,                 2.6014,             0.00056603,             0.00056603,             0.00056603
                    125,                 2.4258,                 2.6544,                 2.6814,                0.57211,                0.26905,                0.28877,                0.10801,                 2.1881,                 2.7885,                 2.5953,             0.00055895,             0.00055895,             0.00055895
                    126,                 2.3262,                 2.9223,                  2.721,                0.64158,                0.33571,                0.31272,                0.12405,                  2.128,                 2.7059,                 2.5459,             0.00055188,             0.00055188,             0.00055188
                    127,                 2.3934,                 3.1313,                 2.8444,                0.65914,                0.32278,                 0.3236,                0.12982,                 2.0766,                 2.7196,                 2.5132,             0.00054481,             0.00054481,             0.00054481
                    128,                 2.4627,                 3.1597,                 2.7862,                0.67604,                0.35952,                0.34231,                0.13495,                 2.0675,                 2.7209,                 2.5025,             0.00053773,             0.00053773,             0.00053773
                    129,                 2.2892,                 2.9323,                 2.6853,                0.73954,                0.30566,                0.35771,                0.13757,                 2.0427,                 2.6863,                 2.4985,             0.00053066,             0.00053066,             0.00053066
                    130,                 2.8572,                 4.0625,                 3.0537,                0.70809,                0.32619,                0.37002,                0.14426,                 2.0466,                 2.6386,                  2.505,             0.00052359,             0.00052359,             0.00052359
                    131,                 2.2909,                 2.6398,                 2.5185,                0.68126,                0.32906,                0.36134,                 0.1395,                 2.0325,                 2.5531,                 2.4921,             0.00051651,             0.00051651,             0.00051651
                    132,                 2.4417,                 2.9049,                 2.6244,                0.77522,                0.27143,                0.35359,                 0.1427,                 2.0141,                 2.5835,                 2.4736,             0.00050944,             0.00050944,             0.00050944
                    133,                 1.9876,                 2.9976,                 2.6344,                0.73402,                0.33571,                0.36967,                0.15121,                  1.981,                 2.6482,                 2.4371,             0.00050236,             0.00050236,             0.00050236
                    134,                  1.719,                  3.219,                 1.9693,                0.67766,                0.36905,                0.36777,                0.15549,                 1.9607,                 2.6992,                 2.4282,             0.00049529,             0.00049529,             0.00049529
                    135,                 2.1788,                  2.904,                  2.563,                0.76706,                0.38571,                0.40929,                0.16336,                 1.9708,                 2.6227,                 2.4204,             0.00048822,             0.00048822,             0.00048822
                    136,                  2.546,                 2.8346,                   2.78,                0.82525,                0.36687,                0.41078,                0.14522,                 1.9655,                 2.6164,                 2.4216,             0.00048114,             0.00048114,             0.00048114
                    137,                 1.8203,                 3.0325,                  2.073,                0.69987,                0.31905,                0.35426,                0.13168,                  1.936,                 2.5946,                 2.4134,             0.00047407,             0.00047407,             0.00047407
                    138,                 2.3192,                 2.6174,                 2.4715,                0.65254,                0.30238,                0.31929,                0.12489,                 1.9374,                 2.6085,                 2.4214,               0.000467,               0.000467,               0.000467
                    139,                 2.3375,                 2.8464,                 2.6668,                0.67878,                0.34286,                0.32228,                0.12721,                 1.9465,                 2.6226,                  2.429,             0.00045992,             0.00045992,             0.00045992
                    140,                 2.3226,                   3.03,                 2.6572,                0.62665,                0.33618,                0.31522,                0.12246,                 2.0066,                 2.6413,                 2.4656,             0.00045285,             0.00045285,             0.00045285
                    141,                 2.3465,                 2.5767,                 2.5928,                0.64723,                0.32619,                0.34986,                0.13401,                 2.0388,                 2.5736,                 2.4842,             0.00044578,             0.00044578,             0.00044578
                    142,                 1.5594,                 2.8015,                 1.8311,                0.71178,                0.39416,                 0.3719,                 0.1455,                 2.0791,                 2.4785,                  2.498,              0.0004387,              0.0004387,              0.0004387
                    143,                 1.9447,                 2.6114,                 2.4526,                 0.6534,                0.31905,                0.36438,                0.13784,                 2.1398,                 2.4272,                 2.5092,             0.00043163,             0.00043163,             0.00043163
                    144,                 2.1069,                 2.5843,                 2.5385,                0.66892,                0.35238,                0.33638,                0.12971,                 2.2412,                 2.4524,                 2.5677,             0.00042456,             0.00042456,             0.00042456
                    145,                 2.3482,                 2.9309,                 2.7181,                 0.6342,                0.34279,                0.28653,                0.10055,                 2.3681,                 2.5428,                 2.6574,             0.00041748,             0.00041748,             0.00041748
                    146,                 2.2457,                 2.9552,                 2.5921,                0.67669,                0.26905,                0.27307,                0.10086,                 2.4376,                 2.5683,                 2.7174,             0.00041041,             0.00041041,             0.00041041
                    147,                  1.796,                 3.0898,                 2.0949,                0.66332,                0.26905,                0.27824,                0.09249,                 2.4678,                 2.5279,                 2.7384,             0.00040334,             0.00040334,             0.00040334
                    148,                 2.0802,                 2.6878,                 2.6405,                0.58278,                0.26641,                0.26099,                0.09974,                 2.4438,                 2.4819,                 2.7163,             0.00039626,             0.00039626,             0.00039626
                    149,                 2.8672,                 2.8708,                 2.8359,                0.66317,                0.26283,                0.30722,                0.11478,                 2.3461,                 2.4553,                 2.6288,             0.00038919,             0.00038919,             0.00038919
                    150,                 2.3061,                 2.7413,                 2.7127,                0.67167,                0.30238,                0.36898,                 0.1294,                 2.1957,                  2.425,                 2.5364,             0.00038211,             0.00038211,             0.00038211
                    151,                 1.7457,                 2.8592,                 1.8908,                0.67103,                0.36905,                0.33967,                0.12535,                 2.0918,                  2.406,                 2.4681,             0.00037504,             0.00037504,             0.00037504
                    152,                 1.6755,                 2.8059,                 1.9022,                0.59187,                0.40238,                0.33507,                0.12037,                 2.0228,                  2.434,                 2.4242,             0.00036797,             0.00036797,             0.00036797
                    153,                 2.0371,                 2.8495,                 2.6807,                 0.6012,                0.41905,                0.33124,                0.12227,                 1.9525,                 2.5486,                 2.4015,             0.00036089,             0.00036089,             0.00036089
                    154,                 1.6006,                 2.8551,                 1.8237,                0.57233,                0.41905,                0.34911,                 0.1353,                 1.9442,                 2.5935,                 2.3993,             0.00035382,             0.00035382,             0.00035382
                    155,                 2.3366,                 2.8856,                 2.6381,                0.66241,                0.41905,                0.35798,                0.14059,                 1.9382,                 2.6015,                 2.3887,             0.00034675,             0.00034675,             0.00034675
                    156,                 2.4409,                  3.292,                 2.7553,                0.68095,                0.36298,                0.34212,                0.15864,                 1.8769,                 2.5557,                 2.3343,             0.00033967,             0.00033967,             0.00033967
                    157,                 2.2887,                 2.6779,                 2.6396,                0.68851,                0.30411,                0.34811,                0.17073,                 1.8059,                 2.5348,                 2.2992,              0.0003326,              0.0003326,              0.0003326
                    158,                 2.2656,                 2.5708,                 2.5608,                0.69484,                0.26985,                0.35386,                0.17121,                  1.785,                 2.5488,                  2.298,             0.00032553,             0.00032553,             0.00032553
                    159,                 2.1495,                 2.7559,                 2.4595,                0.70389,                0.25734,                0.34019,                 0.1596,                 1.8142,                 2.5544,                 2.3128,             0.00031845,             0.00031845,             0.00031845
                    160,                 2.2009,                 2.6338,                 2.5027,                0.73807,                0.25353,                0.34769,                0.15589,                 1.8457,                 2.5832,                 2.3346,             0.00031138,             0.00031138,             0.00031138
                    161,                 2.1299,                 2.6162,                 2.4205,                0.77195,                0.33571,                0.35625,                 0.1561,                 1.8846,                 2.5894,                 2.3556,             0.00030431,             0.00030431,             0.00030431
                    162,                 2.1303,                 2.5181,                 2.2661,                  0.711,                0.33571,                0.35241,                0.15163,                 1.8952,                 2.5738,                 2.3579,             0.00029723,             0.00029723,             0.00029723
                    163,                 2.1718,                  2.607,                 2.4984,                 0.7185,                0.31905,                0.35911,                0.15562,                 1.8724,                 2.5271,                  2.341,             0.00029016,             0.00029016,             0.00029016
                    164,                 1.8781,                 2.4158,                  2.222,                0.72094,                0.35238,                0.37756,                0.16154,                 1.8657,                 2.4788,                 2.3278,             0.00028308,             0.00028308,             0.00028308
                    165,                 1.6154,                  2.574,                 1.8402,                0.80536,                0.34524,                0.40559,                0.15947,                 1.8383,                 2.3933,                 2.3079,             0.00027601,             0.00027601,             0.00027601
                    166,                 2.2433,                 2.6567,                 2.5972,                0.84552,                 0.3618,                0.42515,                0.17178,                 1.8124,                 2.3233,                 2.2872,             0.00026894,             0.00026894,             0.00026894
                    167,                 2.1533,                  2.581,                 2.4602,                0.75065,                 0.4119,                0.44335,                0.19609,                 1.7576,                 2.2781,                  2.252,             0.00026186,             0.00026186,             0.00026186
                    168,                 2.0581,                 2.4544,                 2.3676,                 0.6948,                 0.4119,                0.41977,                0.19883,                 1.7276,                 2.2776,                 2.2321,             0.00025479,             0.00025479,             0.00025479
                    169,                 2.0276,                 2.5583,                 2.3631,                0.69936,                 0.4119,                0.41265,                0.18305,                 1.7386,                 2.2664,                 2.2379,             0.00024772,             0.00024772,             0.00024772
                    170,                 2.0572,                 2.5095,                 2.4247,                0.70836,                 0.4119,                0.41651,                0.18375,                 1.7775,                 2.2426,                 2.2613,             0.00024064,             0.00024064,             0.00024064
                    171,                 2.4725,                 2.6596,                 2.8051,                0.77615,                 0.4119,                0.43466,                0.19854,                 1.8011,                 2.1977,                 2.2823,             0.00023357,             0.00023357,             0.00023357
                    172,                 2.0152,                 2.5642,                 2.4163,                0.77918,                 0.4119,                0.43364,                0.20346,                 1.7979,                 2.1529,                 2.2854,              0.0002265,              0.0002265,              0.0002265
                    173,                 1.5521,                 2.6821,                 1.8718,                0.76345,                0.39524,                0.42463,                0.20078,                 1.7996,                 2.1391,                 2.2912,             0.00021942,             0.00021942,             0.00021942
                    174,                 2.1762,                 2.9274,                 2.6012,                0.76238,                0.40009,                0.42716,                0.20547,                 1.8043,                 2.1445,                 2.3056,             0.00021235,             0.00021235,             0.00021235
                    175,                 1.5914,                  2.582,                 1.7705,                0.72511,                0.37857,                0.42453,                0.20296,                 1.7899,                 2.1418,                 2.2966,             0.00020528,             0.00020528,             0.00020528
                    176,                 1.9393,                 2.4169,                 2.4599,                0.70704,                 0.4119,                0.43703,                0.19786,                 1.7713,                 2.1338,                  2.286,              0.0001982,              0.0001982,              0.0001982
                    177,                 2.1835,                 2.5614,                 2.4871,                0.70463,                 0.4027,                0.44839,                0.19864,                 1.7656,                 2.1498,                 2.2785,             0.00019113,             0.00019113,             0.00019113
                    178,                 2.1242,                 2.3654,                 2.3481,                0.81145,                  0.395,                0.47487,                0.21241,                 1.7848,                 2.1787,                 2.2822,             0.00018406,             0.00018406,             0.00018406
                    179,                 2.1612,                 2.5932,                 2.4435,                0.81202,                0.42619,                0.46647,                0.19738,                 1.8064,                 2.2042,                 2.2922,             0.00017698,             0.00017698,             0.00017698
                    180,                 1.5841,                 2.8264,                 1.8386,                0.70123,                0.38571,                 0.4025,                0.17885,                 1.8476,                 2.2404,                 2.3184,             0.00016991,             0.00016991,             0.00016991
                    181,                 1.8453,                 2.8392,                 2.4115,                0.68895,                0.38571,                0.39374,                0.16931,                 1.8802,                 2.2949,                  2.345,             0.00016283,             0.00016283,             0.00016283
                    182,                 1.7597,                   2.69,                 2.3383,                0.64527,                0.34524,                0.40293,                0.17061,                 1.8797,                 2.3111,                   2.35,             0.00015576,             0.00015576,             0.00015576
                    183,                 1.8146,                 2.2716,                 2.2535,                0.64952,                0.34524,                0.40481,                0.17802,                 1.8469,                 2.2924,                  2.328,             0.00014869,             0.00014869,             0.00014869
                    184,                 1.5312,                 2.6976,                  1.827,                0.68073,                 0.3619,                0.42667,                0.18308,                 1.8158,                 2.2753,                 2.3064,             0.00014161,             0.00014161,             0.00014161
                    185,                 2.0954,                 2.2731,                 2.1989,                0.72023,                0.41312,                0.45883,                0.19933,                 1.7701,                 2.2406,                  2.277,             0.00013454,             0.00013454,             0.00013454
                    186,                  1.484,                 2.6751,                 1.8093,                0.70107,                0.43044,                 0.4687,                0.21282,                 1.7541,                 2.2253,                 2.2627,             0.00012747,             0.00012747,             0.00012747
                    187,                 2.4068,                 2.3977,                 2.5557,                0.67349,                0.41211,                0.47305,                0.22076,                 1.7459,                 2.2088,                 2.2609,             0.00012039,             0.00012039,             0.00012039
                    188,                 2.3137,                 3.0099,                 2.4785,                0.70554,                 0.4119,                0.49174,                0.23034,                 1.7228,                 2.1845,                 2.2514,             0.00011332,             0.00011332,             0.00011332
                    189,                 2.0404,                 2.4554,                 2.3896,                0.71883,                 0.4119,                0.48827,                0.24177,                 1.7147,                 2.1607,                 2.2419,             0.00010625,             0.00010625,             0.00010625
                    190,                 1.9434,                 3.0085,                 2.6655,                0.65139,                 0.4161,                0.47817,                0.23829,                 1.7239,                 2.1429,                 2.2398,             9.9173e-05,             9.9173e-05,             9.9173e-05
                    191,                 1.8319,                 2.3478,                 2.0945,                0.66483,                0.43571,                0.47682,                0.23874,                 1.7264,                 2.1414,                  2.235,             9.2099e-05,             9.2099e-05,             9.2099e-05
                    192,                 1.9104,                 2.8111,                  2.627,                0.66025,                0.43571,                0.45962,                0.23655,                 1.7391,                 2.1322,                 2.2387,             8.5026e-05,             8.5026e-05,             8.5026e-05
                    193,                 1.7091,                 2.4815,                 2.0997,                0.70278,                0.45799,                0.46463,                0.23877,                 1.7363,                 2.1384,                 2.2406,             7.7952e-05,             7.7952e-05,             7.7952e-05
                    194,                 1.9638,                 2.6002,                 2.4318,                0.71362,                0.45952,                0.46798,                0.23517,                 1.7338,                  2.139,                 2.2373,             7.0878e-05,             7.0878e-05,             7.0878e-05
                    195,                 1.9368,                 2.6974,                 2.4219,                0.68644,                0.43556,                0.46241,                0.23672,                 1.7334,                 2.1371,                 2.2344,             6.3805e-05,             6.3805e-05,             6.3805e-05
                    196,                 2.2097,                 3.0421,                 2.8819,                 0.7073,                0.45485,                0.45955,                0.23599,                 1.7336,                   2.14,                 2.2372,             5.6731e-05,             5.6731e-05,             5.6731e-05
                    197,                  2.033,                 2.6976,                 2.3963,                0.68756,                0.44286,                 0.4607,                0.24008,                 1.7271,                 2.1343,                 2.2333,             4.9658e-05,             4.9658e-05,             4.9658e-05
                    198,                 1.6867,                 2.2892,                 2.0608,                0.69423,                0.43629,                0.45804,                0.24075,                 1.7204,                 2.1305,                 2.2282,             4.2584e-05,             4.2584e-05,             4.2584e-05
                    199,                 2.0378,                 2.6217,                 2.2422,                0.70173,                0.42075,                 0.4567,                0.24021,                 1.7173,                   2.13,                 2.2257,             3.5511e-05,             3.5511e-05,             3.5511e-05
                    200,                 2.1679,                 2.8166,                 2.5478,                0.70153,                0.43231,                0.48206,                0.24768,                 1.6969,                 2.1343,                  2.216,             2.8437e-05,             2.8437e-05,             2.8437e-05
